,seriesId,paramId,timeSeq,fcst
1,1,1,1,481442074.7
2,1,1,2,481442074.7
3,1,1,3,481442074.7
4,1,2,1,404719702.9
5,1,2,2,395406891.7
6,1,2,3,391893481.7
7,1,3,1,NA
8,1,4,1,484707211.2
9,1,4,2,487604549
10,1,4,3,490501886.9
11,1,5,1,399264215.7
12,1,5,2,392671323.5
13,1,5,3,390542050.9
14,1,6,1,449003780.4
15,1,6,2,326004260.1
16,1,6,3,669801634.8
17,1,7,1,403251495.8
18,1,7,2,290360128.4
19,1,7,3,636673548.3
20,1,8,1,395938266.5
21,1,8,2,291931139.3
22,1,8,3,637355087.1
23,1,9,1,451714719.6
24,1,9,2,325290805.8
25,1,9,3,670503445.4
26,1,10,1,NA
27,1,11,1,NA
28,1,12,1,NA
29,1,13,1,NA
30,1,14,1,NA
31,1,15,1,NA
32,1,16,1,NA
33,1,17,1,NA
34,1,18,1,NA
35,1,19,1,NA
36,1,20,1,NA
37,1,21,1,NA
38,1,22,1,NA
39,1,23,1,NA
40,1,24,1,NA
41,1,25,1,412843263.1
42,1,25,2,412843263.1
43,1,25,3,412843263.1
44,1,26,1,420604382.2
45,1,26,2,420604382.2
46,1,26,3,420604382.2
47,1,27,1,431750007.8
48,1,27,2,431750007.8
49,1,27,3,431750007.8
50,1,28,1,317166790.8
51,1,28,2,322283160.3
52,1,28,3,327399529.8
53,1,29,1,402219665.8
54,1,29,2,399438164.9
55,1,29,3,396656664.1
56,1,30,1,437781609.5
57,1,30,2,431904016.1
58,1,30,3,426026422.8
59,1,31,1,491674700.1
60,1,31,2,509393066.3
61,1,31,3,527111432.5
62,1,32,1,506021820.7
63,1,32,2,526403716.8
64,1,32,3,546785613
65,1,33,1,521149051.4
66,1,33,2,542648641.9
67,1,33,3,564148232.5
68,1,34,1,407687127.2
69,1,34,2,427455832.2
70,1,34,3,483987139.2
71,1,35,1,406136678.3
72,1,35,2,425830202.2
73,1,35,3,482146518.6
74,1,36,1,406532481.4
75,1,36,2,426245197.7
76,1,36,3,482616397.6
77,1,37,1,376010719.6
78,1,37,2,391839022.3
79,1,37,3,515382270.5
80,1,38,1,370772032.5
81,1,38,2,386379810.9
82,1,38,3,508201819.8
83,1,39,1,369050244.5
84,1,39,2,384585543.6
85,1,39,3,505841836.5
86,1,40,1,375500091.5
87,1,40,2,343473789.1
88,1,40,3,557299764.8
89,1,41,1,370048935.5
90,1,41,2,338487560.8
91,1,41,3,549209412.8
92,1,42,1,368125942.9
93,1,42,2,336728579.7
94,1,42,3,546355396.6
95,1,43,1,288636174.9
96,1,43,2,304054029.6
97,1,43,3,345875336.4
98,1,44,1,347785967.4
99,1,44,2,354628989.6
100,1,44,3,390182523.6
101,1,45,1,357697947
102,1,45,2,359152146.1
103,1,45,3,388658177.4
104,1,46,1,433436251.7
105,1,46,2,457894055.5
106,1,46,3,522346375.4
107,1,47,1,411461004.9
108,1,47,2,431675495.7
109,1,47,3,489062401
110,1,48,1,403436798.3
111,1,48,2,421715444.5
112,1,48,3,476033816.1
113,1,49,1,246598115.4
114,1,49,2,257254189.1
115,1,49,3,338726357.9
116,1,50,1,304662898.3
117,1,50,2,306283871.3
118,1,50,3,388115954.6
119,1,51,1,312339374.8
120,1,51,2,308225200.7
121,1,51,3,382700952.9
122,1,52,1,390803319.2
123,1,52,2,408966051.4
124,1,52,3,540160717.1
125,1,53,1,365601331.3
126,1,53,2,378945510
127,1,53,3,495732549.7
128,1,54,1,354697788.7
129,1,54,2,365539500.2
130,1,54,3,475411979.2
131,1,55,1,257115140.1
132,1,55,2,235291263.6
133,1,55,3,381940375.7
134,1,56,1,309346962.8
135,1,56,2,273942195
136,1,56,3,429845654.8
137,1,57,1,314886944.3
138,1,57,2,274066739.4
139,1,57,3,422027628.2
140,1,58,1,388003563.3
141,1,58,2,356095040
142,1,58,3,579699647.8
143,1,59,1,363638436.2
144,1,59,2,330468418.4
145,1,59,3,532700828.2
146,1,60,1,351126097
147,1,60,2,316875841.8
148,1,60,3,507162077
149,1,61,1,416709330
150,1,61,2,293710140
151,1,61,3,637507455
152,1,62,1,359822442
153,1,62,2,380766085
154,1,62,3,698563890
155,2,1,1,80431998.3
156,2,1,2,80431998.3
157,2,1,3,80431998.3
158,2,2,1,80101055.09
159,2,2,2,80266250.16
160,2,2,3,80282513.74
161,2,3,1,78617684.02
162,2,3,2,78370058.54
163,2,3,3,78234825.73
164,2,4,1,81631359.4
165,2,4,2,82015294.31
166,2,4,3,82399229.22
167,2,5,1,80448609.36
168,2,5,2,80427785.95
169,2,5,3,80437569.5
170,2,6,1,79472901.42
171,2,6,2,79114771.79
172,2,6,3,91437426.83
173,2,7,1,72158003.74
174,2,7,2,72351332.21
175,2,7,3,84989011.51
176,2,8,1,79101790.94
177,2,8,2,78738439.13
178,2,8,3,91055873.25
179,2,9,1,81374245.83
180,2,9,2,73895573.02
181,2,9,3,88244817.93
182,2,10,1,77142034.09
183,2,10,2,77757806.6
184,2,10,3,82546252.69
185,2,11,1,79484447.17
186,2,11,2,78570393.28
187,2,11,3,84446513.77
188,2,12,1,73561976.73
189,2,12,2,73039265.93
190,2,12,3,77935764.96
191,2,13,1,80351426.78
192,2,13,2,81642381.01
193,2,13,3,86348728.68
194,2,14,1,78838546.91
195,2,14,2,78658004.8
196,2,14,3,83750765.75
197,2,15,1,75920581.2
198,2,15,2,75390230.46
199,2,15,3,82773122.11
200,2,16,1,79627990.39
201,2,16,2,75429782.82
202,2,16,3,85018301.32
203,2,17,1,73003407.18
204,2,17,2,70736547.9
205,2,17,3,79039429.42
206,2,18,1,78319078.91
207,2,18,2,77822561.67
208,2,18,3,84222865.95
209,2,19,1,80146968.73
210,2,19,2,75755886.3
211,2,19,3,84825904.83
212,2,20,1,73523635.3
213,2,20,2,73244537.39
214,2,20,3,85369371.53
215,2,21,1,81465417.11
216,2,21,2,69964890.75
217,2,21,3,90461005.86
218,2,22,1,72324308.8
219,2,22,2,68236549.12
220,2,22,3,83225128.27
221,2,23,1,73394721.05
222,2,23,2,71881775.5
223,2,23,3,82493699.75
224,2,24,1,81306503.73
225,2,24,2,72469392.95
226,2,24,3,88969711.47
227,2,25,1,79135383.39
228,2,25,2,79135383.39
229,2,25,3,79135383.39
230,2,26,1,80091971.77
231,2,26,2,80091971.77
232,2,26,3,80091971.77
233,2,27,1,80392384.35
234,2,27,2,80392384.35
235,2,27,3,80392384.35
236,2,28,1,80878021.8
237,2,28,2,81198735.61
238,2,28,3,81519449.43
239,2,29,1,80530619.15
240,2,29,2,80556022.04
241,2,29,3,80581424.94
242,2,30,1,79912834.1
243,2,30,2,79789329
244,2,30,3,79665823.89
245,2,31,1,81099491.56
246,2,31,2,80927416.5
247,2,31,3,80755341.44
248,2,32,1,79857288.64
249,2,32,2,79572941.13
250,2,32,3,79288593.61
251,2,33,1,79546567.31
252,2,33,2,79282586.31
253,2,33,3,79018605.32
254,2,34,1,74629441.4
255,2,34,2,74427668.33
256,2,34,3,79302565.19
257,2,35,1,75389191.94
258,2,35,2,75185364.76
259,2,35,3,80109889.56
260,2,36,1,75742227.76
261,2,36,2,75537446.09
262,2,36,3,80485031.67
263,2,37,1,73503202.36
264,2,37,2,72223270.4
265,2,37,3,80274015.48
266,2,38,1,74094374.65
267,2,38,2,72804148.44
268,2,38,3,80919644.13
269,2,39,1,74328970.2
270,2,39,2,73034658.91
271,2,39,3,81175849.66
272,2,40,1,71454094.26
273,2,40,2,70764688.26
274,2,40,3,83799268.01
275,2,41,1,71813877.62
276,2,41,2,71121000.34
277,2,41,3,84221211.38
278,2,42,1,71914092.93
279,2,42,2,71220248.75
280,2,42,3,84338740.96
281,2,43,1,75661373.63
282,2,43,2,75763306.36
283,2,43,3,81052256.24
284,2,44,1,76015270.93
285,2,44,2,75881480.88
286,2,44,3,80928028.25
287,2,45,1,75741382.95
288,2,45,2,75482721.09
289,2,45,3,80369310.57
290,2,46,1,77053931.77
291,2,46,2,76919950.39
292,2,46,3,82037304.17
293,2,47,1,76169584.37
294,2,47,2,75943035.61
295,2,47,3,80895224.98
296,2,48,1,75861202.98
297,2,48,2,75616515.35
298,2,48,3,80527102.85
299,2,49,1,74483652.03
300,2,49,2,73432834.67
301,2,49,3,81892040.18
302,2,50,1,74504476.53
303,2,50,2,73245032.77
304,2,50,3,81451824.97
305,2,51,1,73978311.22
306,2,51,2,72601553.05
307,2,51,3,80596041.35
308,2,52,1,75288624.43
309,2,52,2,73936676.57
310,2,52,3,82132927.57
311,2,53,1,74200085.39
312,2,53,2,72731072.05
313,2,53,3,80641751.28
314,2,54,1,73619915.89
315,2,54,2,72094067.45
316,2,54,3,79859340.29
317,2,55,1,71537583.59
318,2,55,2,71031153.83
319,2,55,3,84332449.15
320,2,56,1,71607280.58
321,2,56,2,70858914.18
322,2,56,3,83842779.51
323,2,57,1,70915048.3
324,2,57,2,70014941.39
325,2,57,3,82655750.67
326,2,58,1,72640499.49
327,2,58,2,71805939.35
328,2,58,3,84873977.68
329,2,59,1,71262995.11
330,2,59,2,70248964.25
331,2,59,3,82801946.76
332,2,60,1,70377912.89
333,2,60,2,69246975.22
334,2,60,3,81466842.24
335,2,61,1,73443938
336,2,61,2,73085874
337,2,61,3,85408591
338,2,62,1,76307174
339,2,62,2,79898302
340,2,62,3,95948941
341,3,1,1,77876359.13
342,3,1,2,77876359.13
343,3,1,3,77876359.13
344,3,2,1,77794859.04
345,3,2,2,77868863.08
346,3,2,3,77869729.86
347,3,3,1,78775556.49
348,3,3,2,78708053.78
349,3,3,3,78654284.22
350,3,4,1,74654500.37
351,3,4,2,73837711.4
352,3,4,3,73020922.43
353,3,5,1,75803433.29
354,3,5,2,79319820.13
355,3,5,3,76873820.51
356,3,6,1,77919157.55
357,3,6,2,78325526.77
358,3,6,3,94095814.87
359,3,7,1,77703419.09
360,3,7,2,79010419.83
361,3,7,3,95059831.76
362,3,8,1,75524786.3
363,3,8,2,80657433.18
364,3,8,3,94742250.3
365,3,9,1,75764903.8
366,3,9,2,79640925.38
367,3,9,3,93670997.06
368,3,10,1,73354837.95
369,3,10,2,75288562.67
370,3,10,3,79450091.82
371,3,11,1,74769649.12
372,3,11,2,76133935.31
373,3,11,3,80604970.1
374,3,12,1,72804232.49
375,3,12,2,74375693.48
376,3,12,3,78558555.72
377,3,13,1,73188099.21
378,3,13,2,74448883.18
379,3,13,3,76999144.02
380,3,14,1,77891038.61
381,3,14,2,77361356.91
382,3,14,3,80191380.24
383,3,15,1,77105226.37
384,3,15,2,76016092.33
385,3,15,3,77011982.08
386,3,16,1,79166427.65
387,3,16,2,76762105.83
388,3,16,3,77935770.89
389,3,17,1,77406960.03
390,3,17,2,74625469.54
391,3,17,3,75849235.02
392,3,18,1,77227669.28
393,3,18,2,75562245.83
394,3,18,3,74791749.12
395,3,19,1,81776110
396,3,19,2,77985981.29
397,3,19,3,77577352.79
398,3,20,1,70208858.34
399,3,20,2,78810292.87
400,3,20,3,80007221.93
401,3,21,1,71740050.88
402,3,21,2,78148060.91
403,3,21,3,79899844.1
404,3,22,1,70514568.31
405,3,22,2,77618911.8
406,3,22,3,79501755.37
407,3,23,1,69908361.47
408,3,23,2,76979907.2
409,3,23,3,75839155.67
410,3,24,1,72166723.21
411,3,24,2,78206132.73
412,3,24,3,79525578.21
413,3,25,1,77275789.27
414,3,25,2,77275789.27
415,3,25,3,77275789.27
416,3,26,1,77148795.14
417,3,26,2,77148795.14
418,3,26,3,77148795.14
419,3,27,1,76500995.38
420,3,27,2,76500995.38
421,3,27,3,76500995.38
422,3,28,1,74884933.98
423,3,28,2,74749545.56
424,3,28,3,74614157.13
425,3,29,1,73382054.11
426,3,29,2,72722362.55
427,3,29,3,72062670.99
428,3,30,1,71750486.21
429,3,30,2,70810571.07
430,3,30,3,69870655.93
431,3,31,1,73701205.95
432,3,31,2,72489986.13
433,3,31,3,71278766.31
434,3,32,1,71263994.08
435,3,32,2,69806821.23
436,3,32,3,68349648.38
437,3,33,1,70174539.72
438,3,33,2,68650975.29
439,3,33,3,67127410.86
440,3,34,1,73390403.05
441,3,34,2,75241002.92
442,3,34,3,79421897.48
443,3,35,1,73435109.87
444,3,35,2,75286837.06
445,3,35,3,79470278.47
446,3,36,1,73203990.83
447,3,36,2,75049890.17
448,3,36,3,79220165.22
449,3,37,1,76377605.72
450,3,37,2,75011153.49
451,3,37,3,76210823.05
452,3,38,1,76675785.48
453,3,38,2,75303998.59
454,3,38,3,76508351.68
455,3,39,1,76551411.25
456,3,39,2,75181849.5
457,3,39,3,76384249.04
458,3,40,1,69879108.21
459,3,40,2,78320364.75
460,3,40,3,79873466.58
461,3,41,1,69585519.2
462,3,41,2,77991310.77
463,3,41,3,79537887.43
464,3,42,1,69196035.28
465,3,42,2,77554777.98
466,3,42,3,79092698.14
467,3,43,1,70456298.49
468,3,43,2,72237231.69
469,3,43,3,76255775.79
470,3,44,1,70789193.9
471,3,44,2,72105323.01
472,3,44,3,75617044.99
473,3,45,1,70312048.43
474,3,45,2,71385217.57
475,3,45,3,74613165.38
476,3,46,1,72297866.13
477,3,46,2,73602734.01
478,3,46,3,77145618.88
479,3,47,1,71048786.78
480,3,47,2,72225645.05
481,3,47,3,75590133.68
482,3,48,1,70625277.24
483,3,48,2,71770679.83
484,3,48,3,75087956.51
485,3,49,1,75369120.86
486,3,49,2,74076901.02
487,3,49,3,75318717.39
488,3,50,1,75040355.61
489,3,50,2,73404276.49
490,3,50,3,74280000.81
491,3,51,1,74494410.54
492,3,51,2,72706612.91
493,3,51,3,73407110.78
494,3,52,1,75580630.25
495,3,52,2,73750817.67
496,3,52,3,74445072.91
497,3,53,1,74672355.87
498,3,53,2,72822361.26
499,3,53,3,73464753.11
500,3,54,1,74409412.07
501,3,54,2,72570400.15
502,3,54,3,73215141.18
503,3,55,1,63667966.79
504,3,55,2,71278100.84
505,3,55,3,72609121.9
506,3,56,1,65164824.28
507,3,56,2,72207621.86
508,3,56,3,72794085.59
509,3,57,1,64799147.23
510,3,57,2,71414582.9
511,3,57,3,71594533.03
512,3,58,1,68413291.97
513,3,58,2,76086204.33
514,3,58,3,76992000.92
515,3,59,1,66653508.37
516,3,59,2,73910331.17
517,3,59,3,74565433.06
518,3,60,1,65871973.47
519,3,60,2,72926715.41
520,3,60,3,73452503.92
521,3,61,1,79008855
522,3,61,2,79415066
523,3,61,3,95185260
524,3,62,1,87158671
525,3,62,2,95014058
526,3,62,3,115213959
527,4,1,1,19400477.25
528,4,1,2,19400477.25
529,4,1,3,19400477.25
530,4,2,1,19948003.65
531,4,2,2,19404100.08
532,4,2,3,19736859.24
533,4,3,1,20093820.31
534,4,3,2,20696696.33
535,4,3,3,21198498.73
536,4,4,1,18959486.88
537,4,4,2,18609572.24
538,4,4,3,18259657.6
539,4,5,1,20929637.05
540,4,5,2,19817667.21
541,4,5,3,20118127.95
542,4,6,1,19949675.64
543,4,6,2,20732183.16
544,4,6,3,22832060.88
545,4,7,1,19509032.4
546,4,7,2,20660386.03
547,4,7,3,23041412.49
548,4,8,1,20066334.87
549,4,8,2,20888642.75
550,4,8,3,23026398.89
551,4,9,1,22295843.54
552,4,9,2,23246415.67
553,4,9,3,25378501.45
554,4,10,1,20595622.42
555,4,10,2,22017398.17
556,4,10,3,23843809.29
557,4,11,1,22155147.65
558,4,11,2,22257042.01
559,4,11,3,25181193.7
560,4,12,1,20946684.28
561,4,12,2,22522264.97
562,4,12,3,24431086.97
563,4,13,1,21005568.21
564,4,13,2,22874708.74
565,4,13,3,25250539.32
566,4,14,1,22149205.19
567,4,14,2,23456162.76
568,4,14,3,25309160.43
569,4,15,1,20512900.58
570,4,15,2,21340240.58
571,4,15,3,23483893.98
572,4,16,1,22659552.62
573,4,16,2,21536525.41
574,4,16,3,25207571.47
575,4,17,1,20888161.17
576,4,17,2,21867926.39
577,4,17,3,24048306.5
578,4,18,1,20890955.54
579,4,18,2,22130114.4
580,4,18,3,24799878.31
581,4,19,1,22723647.04
582,4,19,2,23288959.24
583,4,19,3,25223183.31
584,4,20,1,20227210.35
585,4,20,2,20948525.53
586,4,20,3,23572882.7
587,4,21,1,22811533.6
588,4,21,2,21193713.8
589,4,21,3,25433153.33
590,4,22,1,20642794.08
591,4,22,2,21496601.08
592,4,22,3,24134344.27
593,4,23,1,20578260.39
594,4,23,2,21706119.55
595,4,23,3,24808108.58
596,4,24,1,22845876.73
597,4,24,2,23137942.84
598,4,24,3,25352909.63
599,4,25,1,22748584.72
600,4,25,2,22748584.72
601,4,25,3,22748584.72
602,4,26,1,21887439.62
603,4,26,2,21887439.62
604,4,26,3,21887439.62
605,4,27,1,21372256.21
606,4,27,2,21372256.21
607,4,27,3,21372256.21
608,4,28,1,18514919.07
609,4,28,2,18216053.15
610,4,28,3,17917187.22
611,4,29,1,19079868.73
612,4,29,2,18639733.46
613,4,29,3,18199598.2
614,4,30,1,19003361.53
615,4,30,2,18478486.45
616,4,30,3,17953611.37
617,4,31,1,20173159.57
618,4,31,2,19849627
619,4,31,3,19526094.44
620,4,32,1,19546470.49
621,4,32,2,19117827.45
622,4,32,3,18689184.42
623,4,33,1,19237389.04
624,4,33,2,18767121.33
625,4,33,3,18296853.62
626,4,34,1,22273279.81
627,4,34,2,24265943.03
628,4,34,3,26067865.27
629,4,35,1,21756377.44
630,4,35,2,23702796.36
631,4,35,3,25462900.87
632,4,36,1,21604519.9
633,4,36,2,23537352.98
634,4,36,3,25285172.13
635,4,37,1,22599550.81
636,4,37,2,24038277.98
637,4,37,3,25694874.99
638,4,38,1,22106550.76
639,4,38,2,23513892.69
640,4,38,3,25134351.71
641,4,39,1,21963620.18
642,4,39,2,23361862.9
643,4,39,3,24971844.79
644,4,40,1,22730855.43
645,4,40,2,23857471.24
646,4,40,3,25723064.48
647,4,41,1,22248390.74
648,4,41,2,23351094.02
649,4,41,3,25177089.85
650,4,42,1,22110140.69
651,4,42,2,23205991.84
652,4,42,3,25020641.05
653,4,43,1,18079858.71
654,4,43,2,19552667.33
655,4,43,3,20849157
656,4,44,1,19864961.11
657,4,44,2,21329292.52
658,4,44,3,22577040.78
659,4,45,1,20435335.52
660,4,45,2,21862620.99
661,4,45,3,23055358.53
662,4,46,1,21966093.29
663,4,46,2,24110617.31
664,4,46,3,26093666.03
665,4,47,1,21917313.39
666,4,47,2,24014250.97
667,4,47,3,25943711.82
668,4,48,1,21858240.55
669,4,48,2,23901847.62
670,4,48,3,25771348.38
671,4,49,1,18702860.45
672,4,49,2,19756073.9
673,4,49,3,20970647.5
674,4,50,1,20368341.67
675,4,50,2,21385550.47
676,4,50,3,22560599.13
677,4,51,1,20910699.36
678,4,51,2,21886958.82
679,4,51,3,23015883.75
680,4,52,1,22306758.89
681,4,52,2,23902225.42
682,4,52,3,25736911.61
683,4,53,1,22297447.79
684,4,53,2,23854261.7
685,4,53,3,25644959.71
686,4,54,1,22233307.74
687,4,54,2,23736666.01
688,4,54,3,25466485.06
689,4,55,1,18992735.46
690,4,55,2,19800114.72
691,4,55,3,21203994.43
692,4,56,1,20594908.06
693,4,56,2,21354221.92
694,4,56,3,22742186.33
695,4,57,1,21126209.94
696,4,57,2,21843726.67
697,4,57,3,23196511.31
698,4,58,1,22441643.25
699,4,58,2,23727447.34
700,4,58,3,25769964.63
701,4,59,1,22457436.08
702,4,59,2,23709725.41
703,4,59,3,25713877.42
704,4,60,1,22398793.68
705,4,60,2,23600099.71
706,4,60,3,25543843
707,4,61,1,21065057
708,4,61,2,21847745
709,4,61,3,23947453
710,4,62,1,14477441
711,4,62,2,19593670
712,4,62,3,17618178
713,5,1,1,43293457.68
714,5,1,2,43293457.68
715,5,1,3,43293457.68
716,5,2,1,43443088.71
717,5,2,2,43307923.65
718,5,2,3,43316479.67
719,5,3,1,47912539.61
720,5,3,2,45651101.45
721,5,3,3,44638681.02
722,5,4,1,41845593.49
723,5,4,2,41360511.8
724,5,4,3,40875430.1
725,5,5,1,43313442.69
726,5,5,2,43288518.75
727,5,5,3,43299240.42
728,5,6,1,38287968.34
729,5,6,2,40363019.16
730,5,6,3,43742443.51
731,5,7,1,39747117.01
732,5,7,2,42311342.01
733,5,7,3,45915787.74
734,5,8,1,38960328.29
735,5,8,2,42554110.53
736,5,8,3,46089634.54
737,5,9,1,38523802.01
738,5,9,2,41756703
739,5,9,3,45346711.51
740,5,10,1,42628387.63
741,5,10,2,36663613.83
742,5,10,3,35884640.51
743,5,11,1,45584424.16
744,5,11,2,36156432.29
745,5,11,3,36156395.53
746,5,12,1,51821158.98
747,5,12,2,38862895.37
748,5,12,3,36254217.57
749,5,13,1,39182047.77
750,5,13,2,32045295.91
751,5,13,3,30449771.69
752,5,14,1,41965334.71
753,5,14,2,33451556.75
754,5,14,3,31746544.27
755,5,15,1,39550318.09
756,5,15,2,44572786.57
757,5,15,3,38962083.1
758,5,16,1,37988548.7
759,5,16,2,45387224.49
760,5,16,3,38442096.8
761,5,17,1,38693104.81
762,5,17,2,44953607.11
763,5,17,3,38622048.34
764,5,18,1,35611094.24
765,5,18,2,39901241.51
766,5,18,3,34237211.32
767,5,19,1,38488230.64
768,5,19,2,45032103.34
769,5,19,3,38613235.99
770,5,20,1,35657281.84
771,5,20,2,42012280.45
772,5,20,3,45413610.46
773,5,21,1,38378352.32
774,5,21,2,39878447.33
775,5,21,3,45969198.07
776,5,22,1,38521637.42
777,5,22,2,40188220.55
778,5,22,3,46596499.05
779,5,23,1,31424389.3
780,5,23,2,36682796.86
781,5,23,3,39782148.03
782,5,24,1,38359930.88
783,5,24,2,40261259.38
784,5,24,3,46536989.49
785,5,25,1,42364448.25
786,5,25,2,42364448.25
787,5,25,3,42364448.25
788,5,26,1,42475675.36
789,5,26,2,42475675.36
790,5,26,3,42475675.36
791,5,27,1,42315558.09
792,5,27,2,42315558.09
793,5,27,3,42315558.09
794,5,28,1,43937856.01
795,5,28,2,43860593.61
796,5,28,3,43783331.21
797,5,29,1,42433865.14
798,5,29,2,42413158.79
799,5,29,3,42392452.44
800,5,30,1,42114166.47
801,5,30,2,42151927.76
802,5,30,3,42189689.05
803,5,31,1,40699097.15
804,5,31,2,40310529.91
805,5,31,3,39921962.67
806,5,32,1,40952552.22
807,5,32,2,40661934.2
808,5,32,3,40371316.17
809,5,33,1,41339420.31
810,5,33,2,41156745.64
811,5,33,3,40974070.97
812,5,34,1,41854991.89
813,5,34,2,35998339.7
814,5,34,3,35233754.15
815,5,35,1,41992874.14
816,5,35,2,36116928.47
817,5,35,3,35349824.15
818,5,36,1,41898048.29
819,5,36,2,36035371.34
820,5,36,3,35269999.25
821,5,37,1,39336678.82
822,5,37,2,44331949.24
823,5,37,3,38751573.21
824,5,38,1,39471023.65
825,5,38,2,44483354.2
826,5,38,3,38883919.76
827,5,39,1,39521701.99
828,5,39,2,44540468.05
829,5,39,3,38933844.29
830,5,40,1,35480818.31
831,5,40,2,41808117.4
832,5,40,3,45195935.22
833,5,41,1,35171057.37
834,5,41,2,41443116.74
835,5,41,3,44801357.64
836,5,42,1,34946485.85
837,5,42,2,41178497.36
838,5,42,3,44515295.48
839,5,43,1,46083790.52
840,5,43,2,39572552.58
841,5,43,3,38670526.04
842,5,44,1,43587397.42
843,5,44,2,37704808.93
844,5,44,3,37115855.45
845,5,45,1,43012682.45
846,5,45,2,37356803.79
847,5,45,3,36918426.16
848,5,46,1,40283347.36
849,5,46,2,34395409.27
850,5,46,3,33419002.76
851,5,47,1,41116422.11
852,5,47,2,35228055.6
853,5,47,3,34347638.76
854,5,48,1,41194683.26
855,5,48,2,35293033.75
856,5,48,3,34408954.19
857,5,49,1,38885059.23
858,5,49,2,43812655.28
859,5,49,3,38288621.77
860,5,50,1,39186886.51
861,5,50,2,44109615.98
862,5,50,3,38510444.27
863,5,51,1,39716946.65
864,5,51,2,44738391.92
865,5,51,3,39087523.32
866,5,52,1,39150845.63
867,5,52,2,44170841.44
868,5,52,3,38652986.23
869,5,53,1,39944760.96
870,5,53,2,45257859.4
871,5,53,3,39771254.48
872,5,54,1,40684761.25
873,5,54,2,46232250.57
874,5,54,3,40745736.49
875,5,55,1,33145601.08
876,5,55,2,38901681.49
877,5,55,3,41886662.23
878,5,56,1,33548717.82
879,5,56,2,39224934.99
880,5,56,3,42072061.89
881,5,57,1,33675840.18
882,5,57,2,39313830.59
883,5,57,3,42102329.83
884,5,58,1,34131019.76
885,5,58,2,40017744.23
886,5,58,3,43044423.15
887,5,59,1,34187365.44
888,5,59,2,40124419.14
889,5,59,3,43203287.38
890,5,60,1,34230940.38
891,5,60,2,40172947.96
892,5,60,3,43252703.52
893,5,61,1,40653053
894,5,61,2,42728113
895,5,61,3,46107521
896,5,62,1,45057649
897,5,62,2,46543627
898,5,62,3,50972547
899,6,1,1,14151839.2
900,6,1,2,14151839.2
901,6,1,3,14151839.2
902,6,2,1,14608360.54
903,6,2,2,14105879.18
904,6,2,3,14195520.13
905,6,3,1,15531495.55
906,6,3,2,15014781.78
907,6,3,3,14720228.67
908,6,4,1,13622630.13
909,6,4,2,13330172.6
910,6,4,3,13037715.08
911,6,5,1,15173288.82
912,6,5,2,14914855.94
913,6,5,3,14734115.5
914,6,6,1,13503389.87
915,6,6,2,13739113.03
916,6,6,3,15405985.49
917,6,7,1,15066406.78
918,6,7,2,14125203.43
919,6,7,3,16058365.02
920,6,8,1,16258375.04
921,6,8,2,14582253.6
922,6,8,3,16035978.93
923,6,9,1,15065857.46
924,6,9,2,13598704.99
925,6,9,3,15273189.69
926,6,10,1,13523881.85
927,6,10,2,13894549.8
928,6,10,3,14880806.57
929,6,11,1,14633552.99
930,6,11,2,13673112.26
931,6,11,3,15000508.14
932,6,12,1,16447138.77
933,6,12,2,13799404.43
934,6,12,3,14943715.84
935,6,13,1,12984158.92
936,6,13,2,12996185.1
937,6,13,3,13537642.84
938,6,14,1,16456149.24
939,6,14,2,12753749.63
940,6,14,3,14293415.2
941,6,15,1,13415832.74
942,6,15,2,14443874.32
943,6,15,3,14989937
944,6,16,1,14346123.18
945,6,16,2,14213624.66
946,6,16,3,15006876.63
947,6,17,1,16121146.46
948,6,17,2,14181430.01
949,6,17,3,14846279.95
950,6,18,1,12925648.27
951,6,18,2,13610680.99
952,6,18,3,13708252.14
953,6,19,1,16262813.22
954,6,19,2,13223205.62
955,6,19,3,14161598.55
956,6,20,1,12231136.84
957,6,20,2,13947561.79
958,6,20,3,16671078.17
959,6,21,1,13997034.04
960,6,21,2,13404483.8
961,6,21,3,16770110.85
962,6,22,1,14984341.69
963,6,22,2,13481695.62
964,6,22,3,16630202.7
965,6,23,1,11139094.16
966,6,23,2,12144382.65
967,6,23,3,14229320.27
968,6,24,1,16450650.2
969,6,24,2,11926767.28
970,6,24,3,15751306.7
971,6,25,1,13770946.06
972,6,25,2,13770946.06
973,6,25,3,13770946.06
974,6,26,1,13721590.88
975,6,26,2,13721590.88
976,6,26,3,13721590.88
977,6,27,1,13557678.05
978,6,27,2,13557678.05
979,6,27,3,13557678.05
980,6,28,1,14307579.73
981,6,28,2,14247540.41
982,6,28,3,14187501.09
983,6,29,1,13406079.85
984,6,29,2,13346621.58
985,6,29,3,13287163.3
986,6,30,1,12971581.25
987,6,30,2,12909882.61
988,6,30,3,12848183.96
989,6,31,1,12605614.99
990,6,31,2,12307705.02
991,6,31,3,12009795.05
992,6,32,1,12367180.33
993,6,32,2,12055587.07
994,6,32,3,11743993.81
995,6,33,1,12203254.96
996,6,33,2,11883073.93
997,6,33,3,11562892.89
998,6,34,1,13313766.87
999,6,34,2,13677692.21
1000,6,34,3,14647059.62
1001,6,35,1,13305161.27
1002,6,35,2,13668851.38
1003,6,35,3,14637592.23
1004,6,36,1,13202402.75
1005,6,36,2,13563284
1006,6,36,3,14524543.06
1007,6,37,1,13230357.77
1008,6,37,2,14244170.55
1009,6,37,3,14782656.83
1010,6,38,1,13227013.56
1011,6,38,2,14240570.08
1012,6,38,3,14778920.25
1013,6,39,1,13136678.12
1014,6,39,2,14143312.43
1015,6,39,3,14677985.88
1016,6,40,1,12079170.84
1017,6,40,2,13774241.47
1018,6,40,3,16463933.64
1019,6,41,1,11971152.9
1020,6,41,2,13651065.37
1021,6,41,3,16316704.98
1022,6,42,1,11829273.3
1023,6,42,2,13489275.79
1024,6,42,3,16123322.8
1025,6,43,1,13792061.57
1026,6,43,2,14135574.94
1027,6,43,3,15101534.35
1028,6,44,1,13143974.49
1029,6,44,2,13469541.16
1030,6,44,3,14388049.35
1031,6,45,1,12804315.28
1032,6,45,2,13115272.38
1033,6,45,3,14002970.25
1034,6,46,1,12590911.42
1035,6,46,2,12731388.67
1036,6,46,3,13415564.45
1037,6,47,1,12414906.03
1038,6,47,2,12533304.09
1039,6,47,3,13184949.18
1040,6,48,1,12214488.25
1041,6,48,2,12299513.02
1042,6,48,3,12904716.89
1043,6,49,1,13465998.6
1044,6,49,2,14467701.21
1045,6,49,3,14983330.62
1046,6,50,1,12978367.28
1047,6,50,2,13922679.94
1048,6,50,3,14396924.55
1049,6,51,1,12715637.93
1050,6,51,2,13627925.11
1051,6,51,3,14078684.1
1052,6,52,1,12595643.34
1053,6,52,2,13372468.2
1054,6,52,3,13682529.08
1055,6,53,1,12443823.42
1056,6,53,2,13198390.86
1057,6,53,3,13490845.51
1058,6,54,1,12302074
1059,6,54,2,13027947.9
1060,6,54,3,13295453.42
1061,6,55,1,11721599.44
1062,6,55,2,13307312.63
1063,6,55,3,15835092.36
1064,6,56,1,11382423.3
1065,6,56,2,12865750.11
1066,6,56,3,15241817.5
1067,6,57,1,11081564.3
1068,6,57,2,12485592.59
1069,6,57,3,14743107.37
1070,6,58,1,11268359.6
1071,6,58,2,12622985.96
1072,6,58,3,14816949.27
1073,6,59,1,10962807.79
1074,6,59,2,12230634.83
1075,6,59,3,14295486.14
1076,6,60,1,10690288.42
1077,6,60,2,11872350.07
1078,6,60,3,13810436.74
1079,6,61,1,14106632
1080,6,61,2,14342357
1081,6,61,3,16009233
1082,6,62,1,16414491
1083,6,62,2,15632432
1084,6,62,3,15334740
1085,7,1,1,58770516.78
1086,7,1,2,58770516.78
1087,7,1,3,58770516.78
1088,7,2,1,59360057.9
1089,7,2,2,58117065.75
1090,7,2,3,58207729.43
1091,7,3,1,61496181.92
1092,7,3,2,68355478.35
1093,7,3,3,64571063.67
1094,7,4,1,45640464.67
1095,7,4,2,36029693.13
1096,7,4,3,26418921.6
1097,7,5,1,58384022.23
1098,7,5,2,56620167.94
1099,7,5,3,55134384.21
1100,7,6,1,44099346.48
1101,7,6,2,45095961.65
1102,7,6,3,67581621.42
1103,7,7,1,38637344.64
1104,7,7,2,47278589.29
1105,7,7,3,73920217.1
1106,7,8,1,38702226.23
1107,7,8,2,48947654.11
1108,7,8,3,75555917.6
1109,7,9,1,37440171.63
1110,7,9,2,44870094.56
1111,7,9,3,67270850.71
1112,7,10,1,52981538.47
1113,7,10,2,58109666.78
1114,7,10,3,62646646.75
1115,7,11,1,53753738.13
1116,7,11,2,56598978.05
1117,7,11,3,61224195.15
1118,7,12,1,60150856.33
1119,7,12,2,65252651.6
1120,7,12,3,69567155.02
1121,7,13,1,NA
1122,7,14,1,NA
1123,7,15,1,47629746.49
1124,7,15,2,57381170.51
1125,7,15,3,65807186.04
1126,7,16,1,48129251.4
1127,7,16,2,55585754.97
1128,7,16,3,64266295.74
1129,7,17,1,55823243.42
1130,7,17,2,65959794.86
1131,7,17,3,73424916.8
1132,7,18,1,NA
1133,7,19,1,NA
1134,7,20,1,32200455.11
1135,7,20,2,45776653.06
1136,7,20,3,68017708.97
1137,7,21,1,31223164.56
1138,7,21,2,45708998.64
1139,7,21,3,68198692.21
1140,7,22,1,36350928.59
1141,7,22,2,51164296.01
1142,7,22,3,73486677.09
1143,7,23,1,NA
1144,7,24,1,31221123.12
1145,7,24,2,45740835.7
1146,7,24,3,68206744.84
1147,7,25,1,61266164.08
1148,7,25,2,61266164.08
1149,7,25,3,61266164.08
1150,7,26,1,59680143.49
1151,7,26,2,59680143.49
1152,7,26,3,59680143.49
1153,7,27,1,57940281.27
1154,7,27,2,57940281.27
1155,7,27,3,57940281.27
1156,7,28,1,57897398.58
1157,7,28,2,57035982.22
1158,7,28,3,56174565.87
1159,7,29,1,53652625.14
1160,7,29,2,52653774.22
1161,7,29,3,51654923.29
1162,7,30,1,50887539.19
1163,7,30,2,49742293.78
1164,7,30,3,48597048.37
1165,7,31,1,51025080.65
1166,7,31,2,49038716.92
1167,7,31,3,47052353.18
1168,7,32,1,48959379.7
1169,7,32,2,46626464.58
1170,7,32,3,44293549.46
1171,7,33,1,46451106.19
1172,7,33,2,43707248.9
1173,7,33,3,40963391.6
1174,7,34,1,55775635.96
1175,7,34,2,61534009.22
1176,7,34,3,65831090.81
1177,7,35,1,54499399.23
1178,7,35,2,60126011.59
1179,7,35,3,64324769.01
1180,7,36,1,53407524.77
1181,7,36,2,58921410.13
1182,7,36,3,63036047.06
1183,7,37,1,52296789.84
1184,7,37,2,62640363.38
1185,7,37,3,69874847.09
1186,7,38,1,50849352.05
1187,7,38,2,60906642.65
1188,7,38,3,67940894.85
1189,7,39,1,49728087.96
1190,7,39,2,59563608.2
1191,7,39,3,66442750.18
1192,7,40,1,46021521.94
1193,7,40,2,60345864.75
1194,7,40,3,79260388.72
1195,7,41,1,44126170.24
1196,7,41,2,57860578.9
1197,7,41,3,75996126.56
1198,7,42,1,42824695.08
1199,7,42,2,56154015.52
1200,7,42,3,73754665.98
1201,7,43,1,50555946.51
1202,7,43,2,55079972.24
1203,7,43,3,58182328.08
1204,7,44,1,49544464.92
1205,7,44,2,53780201.57
1206,7,44,3,56595089.49
1207,7,45,1,48935445.15
1208,7,45,2,53019525.84
1209,7,45,3,55686314.33
1210,7,46,1,49081667.42
1211,7,46,2,53054529.31
1212,7,46,3,55588626.22
1213,7,47,1,48948605.34
1214,7,47,2,52903707.14
1215,7,47,3,55422968.32
1216,7,48,1,48309148.4
1217,7,48,2,52045782.76
1218,7,48,3,54342038.14
1219,7,49,1,44865191.42
1220,7,49,2,52984018.47
1221,7,49,3,58261204.9
1222,7,50,1,44896656.35
1223,7,50,2,52633041.19
1224,7,50,3,57436138.99
1225,7,51,1,44460514.48
1226,7,51,2,51911767.26
1227,7,51,3,56409726.23
1228,7,52,1,45878651.38
1229,7,52,2,53832054.49
1230,7,52,3,58799055.01
1231,7,53,1,45298539.61
1232,7,53,2,53053077.02
1233,7,53,3,57836267.78
1234,7,54,1,44543922.44
1235,7,54,2,51967565.85
1236,7,54,3,56422768.9
1237,7,55,1,35562393.79
1238,7,55,2,45711307.89
1239,7,55,3,58830494.79
1240,7,56,1,36612728.82
1241,7,56,2,46436384.75
1242,7,56,3,58926242.42
1243,7,57,1,36107199.06
1244,7,57,2,45404164.99
1245,7,57,3,57085381.37
1246,7,58,1,39213595.98
1247,7,58,2,50130422.95
1248,7,58,3,64150669.29
1249,7,59,1,37850837.62
1250,7,59,2,48074111.26
1251,7,59,3,61096009.95
1252,7,60,1,36571147.81
1253,7,60,2,46071179.99
1254,7,60,3,58038509.51
1255,7,61,1,55389720
1256,7,61,2,56386320
1257,7,61,3,78871799
1258,7,62,1,56073028
1259,7,62,2,55613101
1260,7,62,3,60740819
1261,8,1,1,48434314.22
1262,8,1,2,48434314.22
1263,8,1,3,48434314.22
1264,8,2,1,57926665.27
1265,8,2,2,64605679.93
1266,8,2,3,67217447.52
1267,8,3,1,61623723.08
1268,8,3,2,69077080.79
1269,8,3,3,69523467.01
1270,8,4,1,42032049.49
1271,8,4,2,41463024.08
1272,8,4,3,40893998.67
1273,8,5,1,60060254.53
1274,8,5,2,67959839.06
1275,8,5,3,69174638.84
1276,8,6,1,52281089.38
1277,8,6,2,46210528.54
1278,8,6,3,51010563.88
1279,8,7,1,60316195.04
1280,8,7,2,57532967.15
1281,8,7,3,63363572.88
1282,8,8,1,56579864.8
1283,8,8,2,51579298.29
1284,8,8,3,57315235.8
1285,8,9,1,52206279.33
1286,8,9,2,46124445.29
1287,8,9,3,50927809.36
1288,8,10,1,53579880.96
1289,8,10,2,67926571.66
1290,8,10,3,71869054.26
1291,8,11,1,52037547.86
1292,8,11,2,66346356.69
1293,8,11,3,70295060.93
1294,8,12,1,56116468.65
1295,8,12,2,68696269.12
1296,8,12,3,72000761.58
1297,8,13,1,NA
1298,8,14,1,47940517.07
1299,8,14,2,60634713.2
1300,8,14,3,64179316.52
1301,8,15,1,50075439.08
1302,8,15,2,46607949.09
1303,8,15,3,63129008.35
1304,8,16,1,52942201.56
1305,8,16,2,40153102.94
1306,8,16,3,60977052.28
1307,8,17,1,62000005.32
1308,8,17,2,51023589.6
1309,8,17,3,70458643.34
1310,8,18,1,39924876.53
1311,8,18,2,32513178.78
1312,8,18,3,46922730.04
1313,8,19,1,51843659.62
1314,8,19,2,37921055.22
1315,8,19,3,59028323.2
1316,8,20,1,45977617.35
1317,8,20,2,50272189.72
1318,8,20,3,60907927.59
1319,8,21,1,46813911.72
1320,8,21,2,44508610.93
1321,8,21,3,58621349.64
1322,8,22,1,56637396.28
1323,8,22,2,56252653.74
1324,8,22,3,68591863.53
1325,8,23,1,35985269.73
1326,8,23,2,36576379.14
1327,8,23,3,45358743.39
1328,8,24,1,44715592.95
1329,8,24,2,43718570.88
1330,8,24,3,59493847.57
1331,8,25,1,65363769.57
1332,8,25,2,65363769.57
1333,8,25,3,65363769.57
1334,8,26,1,63614991.67
1335,8,26,2,63614991.67
1336,8,26,3,63614991.67
1337,8,27,1,61191173.19
1338,8,27,2,61191173.19
1339,8,27,3,61191173.19
1340,8,28,1,57596673.98
1341,8,28,2,56676709.3
1342,8,28,3,55756744.63
1343,8,29,1,52793202.41
1344,8,29,2,50957591.66
1345,8,29,3,49121980.92
1346,8,30,1,47504715.89
1347,8,30,2,45008905.55
1348,8,30,3,42513095.2
1349,8,31,1,53189371.62
1350,8,31,2,50083863.07
1351,8,31,3,46978354.53
1352,8,32,1,46460128.03
1353,8,32,2,42255250.05
1354,8,32,3,38050372.08
1355,8,33,1,40649061.55
1356,8,33,2,35562817.85
1357,8,33,3,30476574.15
1358,8,34,1,52195164.31
1359,8,34,2,66170869.27
1360,8,34,3,70011313.9
1361,8,35,1,51036201.89
1362,8,35,2,64701584.69
1363,8,35,3,68456754.54
1364,8,36,1,50228278.56
1365,8,36,2,63677332.92
1366,8,36,3,67373056.95
1367,8,37,1,53857362.92
1368,8,37,2,51317923.57
1369,8,37,3,66603609.45
1370,8,38,1,52419226.72
1371,8,38,2,49947597.22
1372,8,38,3,64825114.24
1373,8,39,1,51180737.38
1374,8,39,2,48767504.15
1375,8,39,3,63293515.68
1376,8,40,1,51172204.27
1377,8,40,2,55873586.09
1378,8,40,3,65130155.5
1379,8,41,1,49596190
1380,8,41,2,54152777.49
1381,8,41,3,63124260.78
1382,8,42,1,48341271.2
1383,8,42,2,52782564.6
1384,8,42,3,61527044.9
1385,8,43,1,40370435.98
1386,8,43,2,50579631.49
1387,8,43,3,52880008.14
1388,8,44,1,43445443.62
1389,8,44,2,53530719.92
1390,8,44,3,55000115.25
1391,8,45,1,44669698.91
1392,8,45,2,54731115.08
1393,8,45,3,55898104.24
1394,8,46,1,47500273.98
1395,8,46,2,59490257.47
1396,8,46,3,62172058.51
1397,8,47,1,47517806.16
1398,8,47,2,59727795.92
1399,8,47,3,62651191.5
1400,8,48,1,48573235.37
1401,8,48,2,61341636.98
1402,8,48,3,64650516.39
1403,8,49,1,46536725.89
1404,8,49,2,43729395.38
1405,8,49,3,55959065.19
1406,8,50,1,45967780.46
1407,8,50,2,42803146.19
1408,8,50,3,54258372.86
1409,8,51,1,45218281
1410,8,51,2,41902791.07
1411,8,51,3,52848179.58
1412,8,52,1,46485352.61
1413,8,52,2,43114416.1
1414,8,52,3,54426279.69
1415,8,53,1,45635671.59
1416,8,53,2,42256521.87
1417,8,53,3,53250194.44
1418,8,54,1,44936251.36
1419,8,54,2,41487312.23
1420,8,54,3,52118487.45
1421,8,55,1,40866310.16
1422,8,55,2,43922675.99
1423,8,55,3,50385498.25
1424,8,56,1,41745989.74
1425,8,56,2,44193935.54
1426,8,56,3,49898271.64
1427,8,57,1,41316294.55
1428,8,57,2,43386234.28
1429,8,57,3,48562146.31
1430,8,58,1,44241503.24
1431,8,58,2,47055359.18
1432,8,58,3,53393021.73
1433,8,59,1,42939625.64
1434,8,59,2,45509201.39
1435,8,59,3,51445386
1436,8,60,1,42172827.04
1437,8,60,2,44545545.72
1438,8,60,3,50174731.15
1439,8,61,1,65104328
1440,8,61,2,59033740
1441,8,61,3,63833969
1442,8,62,1,75058768
1443,8,62,2,72600765
1444,8,62,3,51645338
1445,9,1,1,39158826.08
1446,9,1,2,39158826.08
1447,9,1,3,39158826.08
1448,9,2,1,38827204.28
1449,9,2,2,39622930.15
1450,9,2,3,39841144.84
1451,9,3,1,37024292.78
1452,9,3,2,41093698.53
1453,9,3,3,39524202.83
1454,9,4,1,38907717.49
1455,9,4,2,38845377.47
1456,9,4,3,38783037.45
1457,9,5,1,36352161.2
1458,9,5,2,40353200.04
1459,9,5,3,38834210.67
1460,9,6,1,28250443.78
1461,9,6,2,28250449.45
1462,9,6,3,33425649.45
1463,9,7,1,26697320.71
1464,9,7,2,28060144.02
1465,9,7,3,34305366.2
1466,9,8,1,25997115.39
1467,9,8,2,28365731.92
1468,9,8,3,35113052.85
1469,9,9,1,26387498.13
1470,9,9,2,28371320.78
1471,9,9,3,33270605.51
1472,9,10,1,33422532.46
1473,9,10,2,33012987.92
1474,9,10,3,35953733.94
1475,9,11,1,33724249.8
1476,9,11,2,32667814.36
1477,9,11,3,35665609.49
1478,9,12,1,34600501.96
1479,9,12,2,34566286.29
1480,9,12,3,37643461.21
1481,9,13,1,30948157.5
1482,9,13,2,29844187.77
1483,9,13,3,32582752.32
1484,9,14,1,33458899.58
1485,9,14,2,31628266.72
1486,9,14,3,34137309.73
1487,9,15,1,32608994.28
1488,9,15,2,32601307.4
1489,9,15,3,36362927
1490,9,16,1,32934930.44
1491,9,16,2,32138619.11
1492,9,16,3,36029626.96
1493,9,17,1,33881673.18
1494,9,17,2,34254328.43
1495,9,17,3,37995175.6
1496,9,18,1,30135815.69
1497,9,18,2,29460346.57
1498,9,18,3,33338130.49
1499,9,19,1,32925792.37
1500,9,19,2,31142254.96
1501,9,19,3,34566414.73
1502,9,20,1,26732618.07
1503,9,20,2,29311463.82
1504,9,20,3,36276916.62
1505,9,21,1,26592967.21
1506,9,21,2,29273034.33
1507,9,21,3,36265230.3
1508,9,22,1,27454881.28
1509,9,22,2,30273751.02
1510,9,22,3,37284641.3
1511,9,23,1,26678855.81
1512,9,23,2,28924727.21
1513,9,23,3,35565040.74
1514,9,24,1,26485620.94
1515,9,24,2,29278177.22
1516,9,24,3,36256817.48
1517,9,25,1,39106866.94
1518,9,25,2,39106866.94
1519,9,25,3,39106866.94
1520,9,26,1,39083985.57
1521,9,26,2,39083985.57
1522,9,26,3,39083985.57
1523,9,27,1,39061279.59
1524,9,27,2,39061279.59
1525,9,27,3,39061279.59
1526,9,28,1,39106067.1
1527,9,28,2,39035671.28
1528,9,28,3,38965275.47
1529,9,29,1,39099215.06
1530,9,29,2,39106550.85
1531,9,29,3,39113886.64
1532,9,30,1,39252721.66
1533,9,30,2,39298499.34
1534,9,30,3,39344277.01
1535,9,31,1,38908224.83
1536,9,31,2,39012810.34
1537,9,31,3,39117395.85
1538,9,32,1,39479306.04
1539,9,32,2,39622498.94
1540,9,32,3,39765691.84
1541,9,33,1,39357687.13
1542,9,33,2,39424799.02
1543,9,33,3,39491910.9
1544,9,34,1,35226076.14
1545,9,34,2,35363488.27
1546,9,34,3,38224447.03
1547,9,35,1,34778556.77
1548,9,35,2,34914223.18
1549,9,35,3,37738835.73
1550,9,36,1,34530336.68
1551,9,36,2,34665034.82
1552,9,36,3,37469487.66
1553,9,37,1,34841848.87
1554,9,37,2,35406538.05
1555,9,37,3,38649257.79
1556,9,38,1,34366174.38
1557,9,38,2,34923154.21
1558,9,38,3,38121603.07
1559,9,39,1,34106778.53
1560,9,39,2,34659554.27
1561,9,39,3,37833861.25
1562,9,40,1,32390725.15
1563,9,40,2,35570160.73
1564,9,40,3,41220238.44
1565,9,41,1,31710426.68
1566,9,41,2,34823084.95
1567,9,41,3,40354494.77
1568,9,42,1,31350697.77
1569,9,42,2,34428045.48
1570,9,42,3,39896705.97
1571,9,43,1,33900460.91
1572,9,43,2,33838850.39
1573,9,43,3,36366929.18
1574,9,44,1,33878580.67
1575,9,44,2,33878084.93
1576,9,44,3,36475489.18
1577,9,45,1,34001646.67
1578,9,45,2,34034873.74
1579,9,45,3,36680894.57
1580,9,46,1,33684899.61
1581,9,46,2,33727762.75
1582,9,46,3,36360689.02
1583,9,47,1,34037359.91
1584,9,47,2,34112661.98
1585,9,47,3,36810304.36
1586,9,48,1,34069942.34
1587,9,48,2,34127066.58
1588,9,48,3,36806088.48
1589,9,49,1,33243472.83
1590,9,49,2,33581500.36
1591,9,49,3,36437930.64
1592,9,50,1,33324576.63
1593,9,50,2,33707567.66
1594,9,50,3,36623190.48
1595,9,51,1,33460909.35
1596,9,51,2,33869885.96
1597,9,51,3,36826328.32
1598,9,52,1,33280101.2
1599,9,52,2,33728208.39
1600,9,52,3,36717588.3
1601,9,53,1,33583508.19
1602,9,53,2,34060857.56
1603,9,53,3,37107255.84
1604,9,54,1,33599198.35
1605,9,54,2,34055819.92
1606,9,54,3,37078853.08
1607,9,55,1,29052379.91
1608,9,55,2,31644677.1
1609,9,55,3,36370556.23
1610,9,56,1,29696157
1611,9,56,2,32270789.65
1612,9,56,3,37002421.99
1613,9,57,1,29808038.75
1614,9,57,2,32342367.84
1615,9,57,3,37025937.74
1616,9,58,1,30579570.57
1617,9,58,2,33435435.82
1618,9,58,3,38577479.82
1619,9,59,1,30471084.29
1620,9,59,2,33269308.77
1621,9,59,3,38330508.4
1622,9,60,1,30223964.23
1623,9,60,2,32923545.49
1624,9,60,3,37843621.05
1625,9,61,1,33041184
1626,9,61,2,33041184
1627,9,61,3,38216352
1628,9,62,1,29380459
1629,9,62,2,28558686
1630,9,62,3,29090931
1631,10,1,1,36618711.59
1632,10,1,2,36618711.59
1633,10,1,3,36618711.59
1634,10,2,1,36488303.51
1635,10,2,2,35861509.27
1636,10,2,3,35933812.07
1637,10,3,1,40576541.4
1638,10,3,2,40426289
1639,10,3,3,40410852.59
1640,10,4,1,31955086.84
1641,10,4,2,31383969.57
1642,10,4,3,30812852.31
1643,10,5,1,33367939.27
1644,10,5,2,32812909.22
1645,10,5,3,32296212.35
1646,10,6,1,25703362.15
1647,10,6,2,30055853.45
1648,10,6,3,28980982.17
1649,10,7,1,33416119.89
1650,10,7,2,37425755.94
1651,10,7,3,36362792.74
1652,10,8,1,33416882.9
1653,10,8,2,37431283.92
1654,10,8,3,36362493.48
1655,10,9,1,31680292.1
1656,10,9,2,34492023.02
1657,10,9,3,33139039.8
1658,10,10,1,36070141.31
1659,10,10,2,40864198.18
1660,10,10,3,45502141.97
1661,10,11,1,35254706.85
1662,10,11,2,39043996.53
1663,10,11,3,43606131.42
1664,10,12,1,38170565.67
1665,10,12,2,42311795.25
1666,10,12,3,46753570.14
1667,10,13,1,30432538.71
1668,10,13,2,34378488.81
1669,10,13,3,39735524.59
1670,10,14,1,37245380.8
1671,10,14,2,38010540.72
1672,10,14,3,41591542.53
1673,10,15,1,30519324.85
1674,10,15,2,42348646.26
1675,10,15,3,49395744.39
1676,10,16,1,28474697.59
1677,10,16,2,40407958.96
1678,10,16,3,47587867.52
1679,10,17,1,32805131.73
1680,10,17,2,44670622.41
1681,10,17,3,51401318.23
1682,10,18,1,25234331.1
1683,10,18,2,36387702.32
1684,10,18,3,45065114.62
1685,10,19,1,NA
1686,10,20,1,23723489.06
1687,10,20,2,35930629.79
1688,10,20,3,54587007.11
1689,10,21,1,24938479.03
1690,10,21,2,34503140.76
1691,10,21,3,53779186.93
1692,10,22,1,29448094.04
1693,10,22,2,41165446.67
1694,10,22,3,58811347
1695,10,23,1,20547017.69
1696,10,23,2,32608805.83
1697,10,23,3,52499410.98
1698,10,24,1,NA
1699,10,25,1,37022125.58
1700,10,25,2,37022125.58
1701,10,25,3,37022125.58
1702,10,26,1,36204986.58
1703,10,26,2,36204986.58
1704,10,26,3,36204986.58
1705,10,27,1,35371731.73
1706,10,27,2,35371731.73
1707,10,27,3,35371731.73
1708,10,28,1,35901857.45
1709,10,28,2,35425971.55
1710,10,28,3,34950085.65
1711,10,29,1,33726478.94
1712,10,29,2,33323100.08
1713,10,29,3,32919721.22
1714,10,30,1,32741257.28
1715,10,30,2,32359469.43
1716,10,30,3,31977681.57
1717,10,31,1,31870079.66
1718,10,31,2,30984161.08
1719,10,31,3,30098242.49
1720,10,32,1,31338614.25
1721,10,32,2,30361076.43
1722,10,32,3,29383538.61
1723,10,33,1,30798961.52
1724,10,33,2,29763696.61
1725,10,33,3,28728431.7
1726,10,34,1,35462408.7
1727,10,34,2,40255951.16
1728,10,34,3,44689015.87
1729,10,35,1,35304402.16
1730,10,35,2,40076586.48
1731,10,35,3,44489899.2
1732,10,36,1,35183892.32
1733,10,36,2,39939787.03
1734,10,36,3,44338035.12
1735,10,37,1,31420407.84
1736,10,37,2,43253977.63
1737,10,37,3,49806448.54
1738,10,38,1,31039130.22
1739,10,38,2,42729103.06
1740,10,38,3,49202061.61
1741,10,39,1,30859803.88
1742,10,39,2,42482238.74
1743,10,39,3,48917800.25
1744,10,40,1,27629869.78
1745,10,40,2,40036714.05
1746,10,40,3,57229154.75
1747,10,41,1,26875738.31
1748,10,41,2,38943949.36
1749,10,41,3,55667138.46
1750,10,42,1,26457746.91
1751,10,42,2,38338264.2
1752,10,42,3,54801361.88
1753,10,43,1,34242573.92
1754,10,43,2,38705027.59
1755,10,43,3,42782798.5
1756,10,44,1,34537350.6
1757,10,44,2,39073229.16
1758,10,44,3,43228824.16
1759,10,45,1,34878678.3
1760,10,45,2,39490870.12
1761,10,45,3,43725954.65
1762,10,46,1,34710163.82
1763,10,46,2,39472460.83
1764,10,46,3,43897440.1
1765,10,47,1,35334963.74
1766,10,47,2,40242689.71
1767,10,47,3,44820175.78
1768,10,48,1,35400969.64
1769,10,48,2,40277301.63
1770,10,48,3,44813843.38
1771,10,49,1,27247222.76
1772,10,49,2,37290303.46
1773,10,49,3,42687422.64
1774,10,50,1,28833177.3
1775,10,50,2,39216328.69
1776,10,50,3,44609018.15
1777,10,51,1,29463165.25
1778,10,51,2,39975970.41
1779,10,51,3,45359822.03
1780,10,52,1,30739594.28
1781,10,52,2,42437519.9
1782,10,52,3,49005365.53
1783,10,53,1,30926067.91
1784,10,53,2,42707575.55
1785,10,53,3,49331706.4
1786,10,54,1,31029326.41
1787,10,54,2,42829896.24
1788,10,54,3,49449726.59
1789,10,55,1,21946975.94
1790,10,55,2,31441709.48
1791,10,55,3,44428321.29
1792,10,56,1,23532636.1
1793,10,56,2,33334130.15
1794,10,56,3,46554093.62
1795,10,57,1,23735894
1796,10,57,2,33403887.39
1797,10,57,3,46332514.26
1798,10,58,1,25916741.62
1799,10,58,2,37354191.45
1800,10,58,3,53108634.11
1801,10,59,1,25358308.39
1802,10,59,2,36382660.59
1803,10,59,3,51487859.62
1804,10,60,1,24847782.3
1805,10,60,2,35471730.03
1806,10,60,3,49941102.3
1807,10,61,1,33084980
1808,10,61,2,37437475
1809,10,61,3,36362378
1810,10,62,1,33863208
1811,10,62,2,39113046
1812,10,62,3,-16653842
1813,11,1,1,28426111.97
1814,11,1,2,28426111.97
1815,11,1,3,28426111.97
1816,11,2,1,28252512.82
1817,11,2,2,28282364.24
1818,11,2,3,28272826.56
1819,11,3,1,29642538.25
1820,11,3,2,30867750.2
1821,11,3,3,31215205.08
1822,11,4,1,28333876.85
1823,11,4,2,28246946.17
1824,11,4,3,28160015.48
1825,11,5,1,29162007.5
1826,11,5,2,29964266.18
1827,11,5,3,30176910.99
1828,11,6,1,25761279.93
1829,11,6,2,24135097.43
1830,11,6,3,25547411.48
1831,11,7,1,25872496
1832,11,7,2,25280862.5
1833,11,7,3,27370678.11
1834,11,8,1,26187225.42
1835,11,8,2,26611784.17
1836,11,8,3,28507264.83
1837,11,9,1,25173996.15
1838,11,9,2,24383790.13
1839,11,9,3,25549853.29
1840,11,10,1,26454378.58
1841,11,10,2,26204916.97
1842,11,10,3,28236153.1
1843,11,11,1,26760002.55
1844,11,11,2,26586228.73
1845,11,11,3,28621982.73
1846,11,12,1,28567061.53
1847,11,12,2,29494577.35
1848,11,12,3,31654753.82
1849,11,13,1,25995093.29
1850,11,13,2,25370513.26
1851,11,13,3,27118502.69
1852,11,14,1,26994459.26
1853,11,14,2,26817775.8
1854,11,14,3,28902497.07
1855,11,15,1,27132583.81
1856,11,15,2,25427276.58
1857,11,15,3,27204624.06
1858,11,16,1,27357231.44
1859,11,16,2,25823048.89
1860,11,16,3,27589758.42
1861,11,17,1,28950186
1862,11,17,2,28651210.25
1863,11,17,3,30502605.53
1864,11,18,1,26832904.64
1865,11,18,2,24767001.22
1866,11,18,3,26320911.98
1867,11,19,1,27401878.73
1868,11,19,2,26048816.13
1869,11,19,3,27759456.61
1870,11,20,1,26206235.47
1871,11,20,2,25297610.36
1872,11,20,3,26998528.37
1873,11,21,1,26546054.5
1874,11,21,2,25807756.28
1875,11,21,3,27469511.51
1876,11,22,1,28410249.55
1877,11,22,2,28723580.17
1878,11,22,3,30407771.09
1879,11,23,1,26234203.11
1880,11,23,2,25027253.18
1881,11,23,3,26480787.21
1882,11,24,1,26782920.26
1883,11,24,2,26103517.96
1884,11,24,3,27641375.93
1885,11,25,1,30491948.51
1886,11,25,2,30491948.51
1887,11,25,3,30491948.51
1888,11,26,1,29982240.58
1889,11,26,2,29982240.58
1890,11,26,3,29982240.58
1891,11,27,1,29574563.48
1892,11,27,2,29574563.48
1893,11,27,3,29574563.48
1894,11,28,1,29484591.98
1895,11,28,2,29256633.38
1896,11,28,3,29028674.78
1897,11,29,1,28680198.08
1898,11,29,2,28473329.93
1899,11,29,3,28266461.78
1900,11,30,1,28289166.1
1901,11,30,2,28086592.88
1902,11,30,3,27884019.65
1903,11,31,1,27986000.45
1904,11,31,2,27582225.53
1905,11,31,3,27178450.6
1906,11,32,1,27734396.06
1907,11,32,2,27295667.96
1908,11,32,3,26856939.87
1909,11,33,1,27537080.89
1910,11,33,2,27082390.54
1911,11,33,3,26627700.19
1912,11,34,1,28725483.02
1913,11,34,2,29012990.09
1914,11,34,3,30999309.61
1915,11,35,1,28231482.39
1916,11,35,2,28514045.12
1917,11,35,3,30466205.31
1918,11,36,1,27929949.89
1919,11,36,2,28209494.65
1920,11,36,3,30140804.37
1921,11,37,1,29677084.45
1922,11,37,2,28557253.39
1923,11,37,3,29892964.78
1924,11,38,1,29239187.56
1925,11,38,2,28135880.04
1926,11,38,3,29451882.5
1927,11,39,1,28951182.07
1928,11,39,2,27858742.12
1929,11,39,3,29161781.97
1930,11,40,1,29394329.02
1931,11,40,2,28891413.18
1932,11,40,3,29886945.73
1933,11,41,1,28937036.4
1934,11,41,2,28441944.51
1935,11,41,3,29421989.39
1936,11,42,1,28642673.87
1937,11,42,2,28152618.31
1938,11,42,3,29122693.67
1939,11,43,1,27537550.73
1940,11,43,2,27621290.01
1941,11,43,3,29307314.8
1942,11,44,1,27239472.46
1943,11,44,2,27360475.01
1944,11,44,3,29071645.7
1945,11,45,1,27117135.09
1946,11,45,2,27251859.57
1947,11,45,3,28971563.76
1948,11,46,1,26907439.49
1949,11,46,2,26963522.86
1950,11,46,3,28581703.97
1951,11,47,1,26906546.49
1952,11,47,2,26952219.03
1953,11,47,3,28558512.21
1954,11,48,1,26803262.23
1955,11,48,2,26827348.65
1956,11,48,3,28403133.36
1957,11,49,1,29330721.72
1958,11,49,2,28044739.44
1959,11,49,3,29168875.43
1960,11,50,1,28650730.89
1961,11,50,2,27486995.52
1962,11,50,3,28686150.04
1963,11,51,1,28446340.81
1964,11,51,2,27333890.2
1965,11,51,3,28571493.86
1966,11,52,1,27800032.33
1967,11,52,2,26531510.32
1968,11,52,3,27542684.43
1969,11,53,1,27921190.26
1970,11,53,2,26653772.78
1971,11,53,3,27676607.28
1972,11,54,1,27834739.6
1973,11,54,2,26552608.17
1974,11,54,3,27551894.02
1975,11,55,1,28690979.09
1976,11,55,2,28015258.58
1977,11,55,3,28789393.24
1978,11,56,1,28168114.85
1979,11,56,2,27573236.61
1980,11,56,3,28406514.01
1981,11,57,1,27995472.67
1982,11,57,2,27434638.08
1983,11,57,3,28295300.84
1984,11,58,1,27537176.43
1985,11,58,2,26846859.27
1986,11,58,3,27545212.95
1987,11,59,1,27608167.04
1988,11,59,2,26915927.82
1989,11,59,3,27615929.62
1990,11,60,1,27509450.58
1991,11,60,2,26798422.23
1992,11,60,3,27473191.33
1993,11,61,1,28870055
1994,11,61,2,27243866
1995,11,61,3,28656185
1996,11,62,1,26515684
1997,11,62,2,21976984
1998,11,62,3,25609792
1999,12,1,1,31702938.18
2000,12,1,2,31702938.18
2001,12,1,3,31702938.18
2002,12,2,1,31541941.64
2003,12,2,2,31454470.82
2004,12,2,3,31465881.55
2005,12,3,1,32048947.31
2006,12,3,2,31886537.23
2007,12,3,3,31896960.12
2008,12,4,1,30550717.48
2009,12,4,2,30443338.88
2010,12,4,3,30335960.28
2011,12,5,1,31536049.75
2012,12,5,2,31435648.74
2013,12,5,3,31442055
2014,12,6,1,25482528.84
2015,12,6,2,25797371.08
2016,12,6,3,30958695.97
2017,12,7,1,25196093.75
2018,12,7,2,26868091.7
2019,12,7,3,32632916.26
2020,12,8,1,25652534.39
2021,12,8,2,25967916
2022,12,8,3,31129681.51
2023,12,9,1,27728783.23
2024,12,9,2,25109161.42
2025,12,9,3,31654093.23
2026,12,10,1,30648253.72
2027,12,10,2,30127247.1
2028,12,10,3,29897609.4
2029,12,11,1,29728712.19
2030,12,11,2,29588060.62
2031,12,11,3,29265273.58
2032,12,12,1,31152500.58
2033,12,12,2,30630333
2034,12,12,3,30518149.31
2035,12,13,1,29273730.32
2036,12,13,2,28424570.73
2037,12,13,3,28159799.54
2038,12,14,1,29916276.67
2039,12,14,2,28550009
2040,12,14,3,28440754.68
2041,12,15,1,30952544.47
2042,12,15,2,29684055.26
2043,12,15,3,29524695.24
2044,12,16,1,30224664.6
2045,12,16,2,29102462.14
2046,12,16,3,29006200.77
2047,12,17,1,31683168.05
2048,12,17,2,30320499.42
2049,12,17,3,30144845.12
2050,12,18,1,29516140.42
2051,12,18,2,27921914.66
2052,12,18,3,27920981.13
2053,12,19,1,30507644.93
2054,12,19,2,28047184.02
2055,12,19,3,28135306.25
2056,12,20,1,27210246.29
2057,12,20,2,26519147.5
2058,12,20,3,30360723.87
2059,12,21,1,28792934.39
2060,12,21,2,25723714.86
2061,12,21,3,31166667.93
2062,12,22,1,30590055.32
2063,12,22,2,28844320.17
2064,12,22,3,33149538.09
2065,12,23,1,25376112.6
2066,12,23,2,23723469.44
2067,12,23,3,27078754.47
2068,12,24,1,27143042.11
2069,12,24,2,24479580.09
2070,12,24,3,28302061.36
2071,12,25,1,31606034.91
2072,12,25,2,31606034.91
2073,12,25,3,31606034.91
2074,12,26,1,31288283.61
2075,12,26,2,31288283.61
2076,12,26,3,31288283.61
2077,12,27,1,31101065.12
2078,12,27,2,31101065.12
2079,12,27,3,31101065.12
2080,12,28,1,28524285.69
2081,12,28,2,28427911.08
2082,12,28,3,28331536.46
2083,12,29,1,29471536.17
2084,12,29,2,29180318.28
2085,12,29,3,28889100.38
2086,12,30,1,29566589.22
2087,12,30,2,29171243.72
2088,12,30,3,28775898.22
2089,12,31,1,30984578.87
2090,12,31,2,30910141.92
2091,12,31,3,30835704.96
2092,12,32,1,30484165.41
2093,12,32,2,30326093.39
2094,12,32,3,30168021.36
2095,12,33,1,30227935.69
2096,12,33,2,30026913.3
2097,12,33,3,29825890.9
2098,12,34,1,30895193.27
2099,12,34,2,30475662.18
2100,12,34,3,30247720.63
2101,12,35,1,30570603.79
2102,12,35,2,30155480.36
2103,12,35,3,29929933.6
2104,12,36,1,30435635.92
2105,12,36,2,30022345.24
2106,12,36,3,29797794.26
2107,12,37,1,31232243.33
2108,12,37,2,30078067.82
2109,12,37,3,29844248.14
2110,12,38,1,30924504.85
2111,12,38,2,29781701.69
2112,12,38,3,29550185.89
2113,12,39,1,30789353.65
2114,12,39,2,29651544.95
2115,12,39,3,29421040.95
2116,12,40,1,29571855.17
2117,12,40,2,29177512.23
2118,12,40,3,32484924.36
2119,12,41,1,29101258.58
2120,12,41,2,28713191.09
2121,12,41,3,31967970.17
2122,12,42,1,28874171.33
2123,12,42,2,28489132.07
2124,12,42,3,31718512.98
2125,12,43,1,27866464.15
2126,12,43,2,27397235.41
2127,12,43,3,27102172.87
2128,12,44,1,28998145.53
2129,12,44,2,28361447.07
2130,12,44,3,27908207.96
2131,12,45,1,29343840.45
2132,12,45,2,28631579.41
2133,12,45,3,28105981.59
2134,12,46,1,30428654.99
2135,12,46,2,30035469.72
2136,12,46,3,29830681.51
2137,12,47,1,30299812.85
2138,12,47,2,29890083.32
2139,12,47,3,29668225.52
2140,12,48,1,30338403.6
2141,12,48,2,29928190.13
2142,12,48,3,29706087.12
2143,12,49,1,28558636.97
2144,12,49,2,27414600.65
2145,12,49,3,27113512.46
2146,12,50,1,29510393.14
2147,12,50,2,28206823.79
2148,12,50,3,27776182.56
2149,12,51,1,29798320.34
2150,12,51,2,28425637.73
2151,12,51,3,27935277.02
2152,12,52,1,30718245.98
2153,12,52,2,29588665.4
2154,12,52,3,29364207.04
2155,12,53,1,30613887.41
2156,12,53,2,29471894.39
2157,12,53,3,29232201.28
2158,12,54,1,30630489.95
2159,12,54,2,29483605.78
2160,12,54,3,29239577.28
2161,12,55,1,26137911.24
2162,12,55,2,25659393.76
2163,12,55,3,28423311.37
2164,12,56,1,27196393.31
2165,12,56,2,26538933.66
2166,12,56,3,29219040.17
2167,12,57,1,27351094.29
2168,12,57,2,26599440.54
2169,12,57,3,29183831.15
2170,12,58,1,28712867.65
2171,12,58,2,28275751.93
2172,12,58,3,31420570.77
2173,12,59,1,28329497.95
2174,12,59,2,27828258.08
2175,12,59,3,30845266.63
2176,12,60,1,28073507.93
2177,12,60,2,27520241.42
2178,12,60,3,30440610.1
2179,12,61,1,27640013
2180,12,61,2,27954943
2181,12,61,3,33116257
2182,12,62,1,21605931
2183,12,62,2,27187635
2184,12,62,3,31695179
